,City,Country,Latitude,Longitude,Max Temperature,Humidity,Cloudiness,Wind Speed,Date
0,ous,ru,60.9058,61.5186,14.98,70.0,36.0,1.82,1626900375.0
1,punta arenas,cl,-53.15,-70.9167,5.06,81.0,90.0,6.69,1626899755.0
2,mataura,pf,-46.1927,168.8643,6.93,97.0,100.0,1.47,1626899947.0
3,longyearbyen,sj,78.2186,15.6401,5.91,65.0,20.0,6.69,1626900023.0
4,ushuaia,ar,-54.8,-68.3,0.81,80.0,75.0,2.06,1626899962.0
5,vao,nc,-22.6667,167.4833,21.41,69.0,42.0,5.93,1626900103.0
6,albany,au,42.6001,-73.9662,26.16,70.0,59.0,4.02,1626899961.0
7,victoria,sc,22.2855,114.1577,28.51,90.0,88.0,0.89,1626900283.0
8,kruisfontein,za,-34.0033,24.7314,7.16,71.0,95.0,13.26,1626900371.0
9,saldanha,za,-33.0117,17.9442,9.03,62.0,73.0,6.82,1626900186.0
10,avarua,ck,-21.2078,-159.775,26.03,83.0,20.0,5.66,1626900377.0
11,faanui,pf,-16.4833,-151.75,26.13,77.0,48.0,8.39,1626900179.0
12,namatanai,pg,-3.6667,152.4333,26.1,84.0,68.0,2.16,1626900377.0
13,deer lake,ca,49.1667,-57.4316,17.92,68.0,90.0,4.63,1626900377.0
14,subate,lv,56.0062,25.9076,11.43,80.0,0.0,2.87,1626900378.0
15,yar-sale,ru,66.8333,70.8333,13.38,92.0,100.0,3.19,1626900378.0
16,tucurui,br,-3.7661,-49.6725,29.1,59.0,94.0,0.68,1626900378.0
17,busselton,au,-33.65,115.3333,9.47,81.0,60.0,3.32,1626899953.0
18,arraial do cabo,br,-22.9661,-42.0278,20.98,77.0,0.0,2.57,1626899804.0
19,roebourne,au,-20.7833,117.1333,21.88,69.0,8.0,3.84,1626900064.0
20,tuktoyaktuk,ca,69.4541,-133.0374,22.0,68.0,1.0,3.6,1626899982.0
21,tuatapere,nz,-46.1333,167.6833,7.12,89.0,100.0,1.86,1626899968.0
22,barrow,us,71.2906,-156.7887,2.01,93.0,90.0,7.72,1626900327.0
23,nikolskoye,ru,59.7035,30.7861,15.94,70.0,11.0,2.35,1626899979.0
24,havelock,us,34.8791,-76.9013,31.1,80.0,75.0,2.68,1626900302.0
25,kahului,us,20.8947,-156.47,27.59,83.0,40.0,5.66,1626899691.0
26,yoichi,jp,43.2039,140.7703,20.99,86.0,100.0,1.07,1626900380.0
27,port blair,in,11.6667,92.75,27.27,85.0,100.0,10.31,1626900040.0
28,eyl,so,7.9803,49.8164,27.01,67.0,61.0,10.54,1626900380.0
29,marienburg,sr,54.0359,19.0266,16.81,87.0,35.0,1.93,1626900380.0
30,mount gambier,au,-37.8333,140.7667,5.95,93.0,40.0,2.57,1626899966.0
31,viedma,ar,-40.8135,-62.9967,12.67,51.0,100.0,4.39,1626900288.0
32,broken hill,au,-31.95,141.4333,5.84,65.0,100.0,6.17,1626900381.0
33,rikitea,pf,-23.1203,-134.9692,22.84,57.0,35.0,6.82,1626899946.0
34,vaini,to,-21.2,-175.2,24.09,73.0,20.0,3.6,1626899958.0
35,butaritari,ki,3.0707,172.7902,28.22,75.0,31.0,5.47,1626899972.0
36,atuona,pf,-9.8,-139.0333,25.4,66.0,59.0,8.44,1626899986.0
37,huarmey,pe,-10.0681,-78.1522,20.65,72.0,13.0,4.81,1626900088.0
38,sitka,us,57.0531,-135.33,13.94,77.0,75.0,3.09,1626899954.0
39,bluff,nz,-46.6,168.3333,7.11,80.0,100.0,5.77,1626899951.0
40,new norfolk,au,-42.7826,147.0587,9.38,81.0,100.0,1.43,1626899965.0
41,pisco,pe,-13.7,-76.2167,18.03,72.0,20.0,4.12,1626900072.0
42,vila velha,br,-20.3297,-40.2925,24.42,65.0,20.0,2.57,1626899976.0
43,east london,za,-33.0153,27.9116,10.6,72.0,28.0,9.63,1626899959.0
44,guerrero negro,mx,27.9769,-114.0611,25.58,63.0,100.0,7.71,1626899984.0
45,remedios,pa,22.4947,-79.5458,34.51,72.0,14.0,5.0,1626900382.0
46,sur,om,22.5667,59.5289,35.16,45.0,47.0,5.81,1626899999.0
47,kavieng,pg,-2.5744,150.7967,27.49,78.0,100.0,3.59,1626900038.0
48,praia da vitoria,pt,38.7333,-27.0667,23.14,64.0,75.0,6.6,1626899991.0
49,laguna,br,38.421,-121.4238,39.56,33.0,1.0,0.45,1626899937.0
50,carnarvon,au,-24.8667,113.6333,13.04,68.0,8.0,3.6,1626899950.0
51,semey,kz,50.4111,80.2275,18.15,75.0,35.0,3.84,1626899997.0
52,sakakah,sa,29.9697,40.2064,36.76,16.0,0.0,5.29,1626899945.0
53,adrar,dz,20.5022,-10.0711,34.11,8.0,38.0,5.9,1626900074.0
54,port alfred,za,-33.5906,26.891,10.21,74.0,95.0,13.16,1626899975.0
55,san quintin,mx,30.4833,-115.95,24.87,67.0,53.0,6.51,1626900058.0
56,jamestown,sh,42.097,-79.2353,22.94,60.0,20.0,4.63,1626899724.0
57,vila,vu,42.0304,-8.1588,20.97,80.0,18.0,0.96,1626900383.0
58,nanyang,cn,32.9947,112.5328,23.33,93.0,72.0,3.21,1626900185.0
59,aljezur,pt,37.3191,-8.8033,17.26,90.0,1.0,4.58,1626900384.0
60,bredasdorp,za,-34.5322,20.0403,6.62,87.0,99.0,3.6,1626899951.0
61,bambous virieux,mu,-20.3428,57.7575,21.14,64.0,20.0,6.69,1626899942.0
62,chukhloma,ru,58.7525,42.6825,10.44,97.0,40.0,2.08,1626900384.0
63,yaan,cn,7.3833,8.5667,22.96,93.0,98.0,2.3,1626900384.0
64,kodiak,us,57.79,-152.4072,12.84,91.0,91.0,2.7,1626899946.0
65,atocha,bo,-20.9333,-66.2333,11.19,17.0,59.0,4.63,1626900385.0
66,thompson,ca,55.7435,-97.8558,24.09,50.0,75.0,2.57,1626899965.0
67,castro,cl,-24.7911,-50.0119,12.07,57.0,7.0,0.92,1626899949.0
68,hobart,au,-42.8794,147.3294,9.57,81.0,20.0,1.34,1626899943.0
69,bahraich,in,27.5833,81.6,29.13,90.0,100.0,3.45,1626900385.0
70,taltal,cl,-25.4,-70.4833,16.68,66.0,22.0,3.0,1626899999.0
71,council bluffs,us,41.2619,-95.8608,30.43,59.0,75.0,2.57,1626900386.0
72,telma,ru,52.6983,103.7097,11.56,94.0,0.0,2.41,1626900386.0
73,altay,cn,47.8667,88.1167,21.61,29.0,69.0,3.67,1626900386.0
74,tateyama,jp,34.9833,139.8667,26.68,83.0,1.0,1.8,1626900386.0
75,dikson,ru,73.5069,80.5464,9.99,65.0,99.0,8.06,1626899971.0
76,bereda,so,43.2686,-7.5406,19.67,100.0,16.0,1.33,1626900387.0
77,porto tolle,it,44.9497,12.3245,26.01,67.0,16.0,3.56,1626900387.0
78,qaanaaq,gl,77.484,-69.3632,3.36,99.0,100.0,6.14,1626899960.0
79,henties bay,na,-22.116,14.2845,12.7,82.0,0.0,4.81,1626900082.0
80,inyonga,tz,-6.7167,32.0667,18.6,45.0,0.0,1.85,1626900388.0
81,hami,cn,42.8,93.45,29.73,24.0,100.0,1.52,1626900040.0
82,sao joao da barra,br,-21.6403,-41.0511,23.05,76.0,100.0,4.09,1626900087.0
83,chokurdakh,ru,70.6333,147.9167,7.06,72.0,88.0,3.03,1626899948.0
84,kapaa,us,22.0752,-159.319,28.18,81.0,75.0,0.45,1626899973.0
85,port hedland,au,-20.3167,118.5667,18.03,100.0,39.0,0.0,1626900388.0
86,aranda de duero,es,41.6704,-3.6892,25.31,23.0,5.0,2.08,1626900335.0
87,bethel,us,41.3712,-73.414,27.82,69.0,20.0,0.45,1626899945.0
88,hermanus,za,-34.4187,19.2345,7.72,69.0,99.0,7.45,1626899970.0
89,puerto ayora,ec,-0.7393,-90.3518,28.98,90.0,100.0,5.36,1626899963.0
90,port elizabeth,za,-33.918,25.5701,8.94,72.0,77.0,13.02,1626899953.0
91,abu samrah,qa,35.3029,37.1841,23.49,70.0,0.0,6.31,1626900102.0
92,sao jose da coroa grande,br,-8.8978,-35.1478,24.0,83.0,36.0,4.98,1626900389.0
93,kirakira,sb,-10.4544,161.9205,26.23,86.0,20.0,3.6,1626900010.0
94,katobu,id,-4.9408,122.5276,22.0,96.0,65.0,0.58,1626900240.0
95,tezu,in,27.9167,96.1667,25.86,85.0,94.0,1.64,1626900389.0
96,santo antonio do ica,br,-3.1022,-67.9397,30.68,55.0,46.0,1.41,1626900390.0
97,adilabad,in,19.6667,78.5333,24.13,94.0,100.0,5.73,1626900390.0
98,provideniya,ru,64.3833,-173.3,8.06,76.0,90.0,4.0,1626899952.0
99,pangnirtung,ca,66.1451,-65.7125,9.0,76.0,75.0,7.72,1626900009.0
100,cape town,za,-33.9258,18.4232,8.95,83.0,40.0,0.89,1626899950.0
101,pahrump,us,36.2083,-115.9839,36.8,23.0,99.0,0.89,1626900102.0
102,sarankhola,bd,22.3082,89.7897,27.43,88.0,100.0,4.18,1626900391.0
103,sept-iles,ca,50.2001,-66.3821,19.29,63.0,90.0,1.79,1626899974.0
104,kaitangata,nz,-46.2817,169.8464,8.85,70.0,100.0,2.83,1626900009.0
105,lagoa,pt,39.05,-27.9833,19.77,74.0,93.0,8.05,1626900025.0
106,pevek,ru,69.7008,170.3133,5.31,64.0,2.0,1.45,1626899956.0
107,wageningen,sr,51.9667,5.6667,20.11,80.0,75.0,3.09,1626900391.0
108,kabanjahe,id,3.1001,98.4908,16.62,95.0,89.0,1.85,1626900392.0
109,saint-philippe,re,-21.3585,55.7679,20.77,77.0,71.0,6.79,1626899969.0
110,rabo de peixe,pt,37.8,-25.5833,20.73,73.0,20.0,5.14,1626900392.0
111,cidreira,br,-30.1811,-50.2056,13.34,63.0,0.0,2.5,1626899957.0
112,egvekinot,ru,66.3167,-179.1667,6.05,78.0,97.0,4.62,1626900185.0
113,saskylakh,ru,71.9167,114.0833,12.62,79.0,100.0,5.04,1626900015.0
114,ouesso,cg,1.6136,16.0517,25.37,67.0,100.0,0.94,1626900392.0
115,birao,cf,10.2849,22.7882,22.39,91.0,99.0,1.2,1626900393.0
116,arlit,ne,18.7369,7.3853,36.05,25.0,98.0,3.14,1626900080.0
117,charlottetown,ca,46.2352,-63.1267,19.0,92.0,90.0,4.92,1626899680.0
118,cherskiy,ru,68.75,161.3,13.92,50.0,4.0,1.0,1626900239.0
119,grand gaube,mu,-20.0064,57.6608,21.22,73.0,60.0,3.13,1626899998.0
120,yeniseysk,ru,58.4497,92.1703,11.88,97.0,36.0,0.81,1626900393.0
121,constanza,do,47.6603,9.1758,21.12,91.0,13.0,1.08,1626900394.0
122,diosig,ro,47.3,22.0,20.01,77.0,37.0,2.39,1626900394.0
123,vila franca do campo,pt,37.7167,-25.4333,21.23,79.0,23.0,3.96,1626899990.0
124,lerwick,gb,60.1545,-1.1494,12.0,93.0,29.0,4.92,1626900394.0
125,souillac,mu,-20.5167,57.5167,21.21,64.0,20.0,6.69,1626900395.0
126,pacifica,us,37.6138,-122.4869,32.99,73.0,20.0,1.79,1626900395.0
127,mahebourg,mu,-20.4081,57.7,21.16,64.0,20.0,6.69,1626899947.0
128,manono,cd,-7.3,27.4167,25.15,31.0,0.0,2.23,1626900395.0
129,leshukonskoye,ru,64.8989,45.7622,7.53,77.0,45.0,2.09,1626900284.0
130,touros,br,-5.1989,-35.4608,26.5,79.0,7.0,7.1,1626899980.0
131,okhotsk,ru,59.3833,143.3,13.2,97.0,100.0,3.42,1626900396.0
132,vanimo,pg,-2.6741,141.3028,24.85,89.0,86.0,1.85,1626900396.0
133,manta,ec,-0.95,-80.7333,30.88,62.0,20.0,3.09,1626900397.0
134,banjar,id,-8.19,114.9675,25.92,85.0,81.0,2.05,1626900028.0
135,nhulunbuy,au,-12.2333,136.7667,20.34,88.0,61.0,1.54,1626900397.0
136,cayenne,gf,4.9333,-52.3333,30.02,76.0,0.0,1.79,1626900325.0
137,poya,nc,-21.35,165.15,20.1,70.0,6.0,1.76,1626899996.0
138,lasa,cn,46.6166,10.7002,23.49,83.0,80.0,0.99,1626899981.0
139,tarija,bo,-21.5355,-64.7296,24.95,13.0,0.0,2.06,1626900398.0
140,gardez,af,33.5974,69.2259,18.61,40.0,16.0,2.09,1626900398.0
141,solwezi,zm,-12.1688,26.3894,14.61,41.0,0.0,0.99,1626900398.0
142,alice springs,au,-23.7,133.8833,17.75,34.0,83.0,8.23,1626900399.0
143,ribeira grande,pt,38.5167,-28.7,21.22,68.0,75.0,3.6,1626899992.0
144,itumbiara,br,-18.4192,-49.2153,25.25,27.0,0.0,1.78,1626900399.0
145,qaqortoq,gl,60.7167,-46.0333,10.28,99.0,100.0,0.44,1626900399.0
146,zhangye,cn,38.9342,100.4517,23.76,48.0,77.0,1.4,1626900400.0
147,yulara,au,-25.2406,130.9889,12.91,47.0,0.0,3.6,1626900246.0
148,nanortalik,gl,60.1432,-45.2371,6.69,100.0,100.0,2.21,1626899981.0
149,saint george,bm,37.1041,-113.5841,40.26,25.0,1.0,1.79,1626900015.0
150,diapaga,bf,12.0708,1.7889,28.58,60.0,80.0,2.39,1626900400.0
151,luanda,ao,-8.8368,13.2343,22.0,78.0,0.0,3.09,1626900303.0
152,puttur,in,12.7667,75.2167,26.06,88.0,100.0,3.99,1626900401.0
153,kabarnet,ke,0.4919,35.743,13.58,89.0,95.0,1.19,1626900401.0
154,asau,tv,46.4333,26.4,17.75,66.0,100.0,2.07,1626899966.0
155,pocone,br,-16.2567,-56.6228,29.88,17.0,2.0,0.56,1626900289.0
156,sobolevo,ru,54.4299,31.8996,12.33,79.0,32.0,3.87,1626900401.0
157,san luis,mx,-33.295,-66.3356,17.55,24.0,93.0,1.15,1626900402.0
158,oksfjord,no,70.2396,22.3479,10.04,93.0,96.0,3.55,1626900402.0
159,baghdad,iq,33.3406,44.4009,36.95,23.0,0.0,3.09,1626900129.0
160,hithadhoo,mv,-0.6,73.0833,27.75,74.0,100.0,5.22,1626900403.0
161,verkhnyaya inta,ru,65.9811,60.3094,11.76,85.0,95.0,5.77,1626900403.0
162,mehamn,no,71.0357,27.8492,7.1,81.0,75.0,9.77,1626900017.0
163,sembe,cg,1.6481,14.5806,24.41,72.0,100.0,0.87,1626900403.0
164,beringovskiy,ru,63.05,179.3167,11.76,69.0,100.0,1.4,1626900030.0
165,samarai,pg,-10.6167,150.6667,25.02,79.0,96.0,6.79,1626900404.0
166,verkhnevilyuysk,ru,63.4453,120.3167,16.23,84.0,76.0,1.68,1626900404.0
167,asifabad,in,19.3667,79.2833,24.07,95.0,100.0,4.79,1626900404.0
168,te anau,nz,-45.4167,167.7167,4.35,94.0,98.0,1.24,1626900404.0
169,esperance,au,-33.8667,121.9,10.91,68.0,100.0,9.35,1626900062.0
170,karratha,au,-20.7377,116.8463,21.71,70.0,7.0,3.84,1626899980.0
171,georgetown,sh,5.4112,100.3354,28.83,86.0,20.0,1.34,1626899830.0
172,bubaque,gw,11.2833,-15.8333,27.19,80.0,100.0,5.54,1626900010.0
173,biak,id,-0.9131,122.8766,23.6,91.0,100.0,3.53,1626900405.0
174,ewo,cg,-0.8725,14.8206,28.64,37.0,89.0,1.29,1626900093.0
175,hameenlinna,fi,60.996,24.4643,13.19,67.0,17.0,3.26,1626900405.0
176,qingdao,cn,36.0986,120.3719,23.78,83.0,0.0,1.0,1626900406.0
177,mount isa,au,-20.7333,139.5,6.87,70.0,68.0,0.0,1626899952.0
178,umuarama,br,-23.7664,-53.325,16.37,44.0,34.0,2.35,1626900201.0
179,mwinilunga,zm,-11.7358,24.4293,14.36,40.0,15.0,1.87,1626900079.0
180,inhambane,mz,-23.865,35.3833,21.79,64.0,46.0,3.32,1626900136.0
181,kavarna,bg,43.4333,28.3333,20.6,80.0,74.0,7.79,1626900406.0
182,adre,td,13.4667,22.2,22.09,90.0,100.0,6.6,1626899963.0
183,yellowknife,ca,62.456,-114.3525,22.4,64.0,75.0,4.63,1626899948.0
184,lebu,cl,-37.6167,-73.65,12.07,90.0,100.0,2.4,1626899882.0
185,nome,us,64.5011,-165.4064,8.98,93.0,90.0,3.6,1626900023.0
186,san rafael,ar,-34.6177,-68.3301,17.47,21.0,98.0,3.92,1626900101.0
187,houma,us,29.5958,-90.7195,33.34,59.0,40.0,5.66,1626900407.0
188,khatanga,ru,71.9667,102.5,11.48,95.0,100.0,1.08,1626899971.0
189,urucara,br,-2.5364,-57.76,24.35,87.0,67.0,1.01,1626900408.0
190,tasiilaq,gl,65.6145,-37.6368,6.09,97.0,100.0,2.89,1626899961.0
191,airai,pw,-8.9266,125.4092,12.41,79.0,15.0,1.25,1626900105.0
192,bathsheba,bb,13.2167,-59.5167,29.34,70.0,75.0,8.23,1626900013.0
193,fomboni,km,-12.28,43.7425,25.01,76.0,0.0,2.61,1626900409.0
194,norman wells,ca,65.282,-126.8329,26.02,44.0,75.0,5.14,1626900019.0
195,bengkulu,id,-3.8004,102.2655,23.42,87.0,30.0,1.56,1626899982.0
196,ratnagiri,in,16.9833,73.3,25.7,85.0,100.0,7.24,1626900349.0
197,honiara,sb,-9.4333,159.95,26.04,85.0,29.0,2.11,1626900326.0
198,sabang,id,5.8933,95.3214,28.15,75.0,100.0,10.27,1626900409.0
199,hurghada,eg,27.2574,33.8129,35.02,23.0,0.0,7.72,1626899992.0
200,port augusta,au,-32.5,137.7667,8.08,91.0,100.0,9.53,1626900410.0
201,renfrew,ca,55.872,-4.3925,22.97,64.0,12.0,2.06,1626900309.0
202,ust-ilimsk,ru,58.0006,102.6619,14.17,91.0,100.0,1.71,1626900410.0
203,hamilton,bm,39.1834,-84.5333,28.91,60.0,75.0,4.12,1626899816.0
204,volchikha,ru,52.0333,80.3833,16.4,71.0,0.0,3.73,1626900410.0
205,mar del plata,ar,-38.0023,-57.5575,13.01,33.0,0.0,4.47,1626899863.0
206,makrinitsa,gr,39.4,22.9833,25.72,51.0,0.0,4.65,1626900411.0
207,nalut,ly,30.3333,10.85,29.05,26.0,0.0,9.53,1626900411.0
208,quesnel,ca,52.9999,-122.5029,14.28,77.0,20.0,2.06,1626899889.0
209,terrace,ca,54.5163,-128.6035,17.46,77.0,90.0,6.17,1626900412.0
210,ramhormoz,ir,31.28,49.6035,37.32,29.0,10.0,2.8,1626900412.0
211,vega de alatorre,mx,20.0333,-96.6333,30.49,66.0,59.0,5.47,1626900412.0
212,isangel,vu,-19.55,169.2667,24.44,84.0,21.0,1.2,1626900046.0
213,ayorou,ne,14.7308,0.9174,30.81,48.0,100.0,2.5,1626900413.0
214,oxford,us,51.7522,-1.256,25.09,70.0,0.0,3.09,1626900413.0
215,sterling,us,39.0062,-77.4286,31.92,53.0,40.0,0.45,1626900413.0
216,rocha,uy,-34.4833,-54.3333,9.03,83.0,17.0,1.66,1626900413.0
217,kolyvan,ru,55.3053,82.7391,13.79,80.0,18.0,0.79,1626900414.0
218,lorengau,pg,-2.0226,147.2712,27.22,77.0,75.0,1.09,1626899989.0
219,marzuq,ly,14.4,46.4667,23.8,66.0,31.0,4.06,1626900316.0
220,lazaro cardenas,mx,17.9583,-102.2,30.7,66.0,86.0,3.22,1626900249.0
221,moth,in,25.7167,78.95,29.08,77.0,100.0,2.94,1626900414.0
222,cabedelo,br,-6.9811,-34.8339,24.37,81.0,6.0,6.82,1626900415.0
223,ahlat,tr,38.7518,42.4814,21.25,34.0,0.0,2.47,1626900415.0
224,key west,us,24.5557,-81.7826,31.67,70.0,20.0,3.09,1626900415.0
225,hauterive,ca,46.0901,3.4459,22.42,83.0,3.0,1.51,1626900416.0
226,chuy,uy,-33.6971,-53.4616,10.21,74.0,2.0,0.17,1626899974.0
227,fortuna,us,40.5982,-124.1573,25.79,67.0,1.0,2.68,1626900035.0
228,murud,in,18.3258,72.965,26.66,87.0,100.0,9.16,1626900416.0
229,kingman,us,35.1894,-114.053,38.76,30.0,99.0,4.44,1626900417.0
230,san remo,it,43.8182,7.7612,23.99,90.0,54.0,0.45,1626900417.0
231,terneuzen,nl,51.2809,3.8392,21.14,86.0,0.0,3.11,1626900417.0
232,umm kaddadah,sd,13.6017,26.6876,25.42,72.0,100.0,8.52,1626900417.0
233,san jose,gt,37.3394,-121.895,34.76,50.0,20.0,5.14,1626900167.0
234,arrifes,pt,37.7667,-25.7,20.14,73.0,20.0,7.2,1626900075.0
235,kuzhener,ru,56.8111,48.9128,17.34,60.0,100.0,1.41,1626900418.0
236,clyde river,ca,70.4692,-68.5914,4.13,87.0,75.0,3.6,1626899954.0
237,geraldton,au,-28.7667,114.6,13.23,94.0,90.0,2.06,1626900031.0
238,saint anthony,ca,45.0205,-93.218,29.5,63.0,75.0,1.34,1626899959.0
239,sao filipe,cv,14.8961,-24.4956,25.13,83.0,100.0,2.49,1626900021.0
240,richards bay,za,-28.783,32.0377,16.75,78.0,93.0,1.78,1626900419.0
241,surt,ly,31.2089,16.5887,26.0,70.0,0.0,4.15,1626900229.0
242,jibuti,dj,11.5,42.5,32.68,41.0,88.0,2.98,1626900369.0
243,hilo,us,19.7297,-155.09,25.44,82.0,90.0,0.0,1626899974.0
244,tommot,ru,58.9564,126.2925,16.26,92.0,100.0,1.18,1626900419.0
245,beroroha,mg,-21.6667,45.1667,20.9,62.0,28.0,1.84,1626900419.0
246,chernyshevskiy,ru,63.0128,112.4714,12.99,91.0,100.0,1.31,1626900420.0
247,bilibino,ru,68.0546,166.4372,13.87,47.0,100.0,1.06,1626900420.0
248,talnakh,ru,69.4865,88.3972,12.64,58.0,100.0,3.05,1626899983.0
249,tibanban,ph,6.6295,126.0789,27.78,76.0,22.0,3.29,1626900420.0
250,la ronge,ca,55.1001,-105.2842,20.12,82.0,90.0,1.03,1626900421.0
251,port macquarie,au,-31.4333,152.9167,6.98,69.0,7.0,3.97,1626900337.0
252,never,ru,46.9896,3.159,22.86,88.0,0.0,2.62,1626900421.0
253,valparaiso,cl,-33.0393,-71.6273,13.13,83.0,75.0,1.54,1626900278.0
254,parainen,fi,60.3067,22.301,14.38,63.0,4.0,5.04,1626900421.0
255,wajima,jp,37.4,136.9,25.74,87.0,5.0,2.15,1626900422.0
256,cody,us,44.5263,-109.0565,31.06,36.0,1.0,3.6,1626900280.0
257,pareora,nz,-44.4871,171.2132,7.88,97.0,100.0,5.12,1626900422.0
258,bundaberg,au,-24.85,152.35,6.79,82.0,5.0,0.89,1626900422.0
259,grindavik,is,63.8424,-22.4338,13.97,100.0,90.0,4.63,1626899969.0
260,filadelfia,py,39.9523,-75.1638,28.39,78.0,75.0,4.63,1626899792.0
261,necochea,ar,-38.5473,-58.7368,14.46,64.0,100.0,4.39,1626900084.0
262,bridgton,us,44.0548,-70.7128,26.28,78.0,49.0,3.29,1626900423.0
263,leningradskiy,ru,69.3833,178.4167,2.81,78.0,100.0,2.38,1626899993.0
264,udachnyy,ru,66.4167,112.4,15.01,86.0,88.0,2.84,1626900423.0
265,pundaguitan,ph,6.3711,126.1689,28.66,72.0,23.0,4.12,1626900424.0
266,darapidap,ph,17.2131,120.4114,24.96,94.0,100.0,4.54,1626900424.0
267,saint simons,us,31.1352,-81.3901,30.02,81.0,20.0,3.6,1626900424.0
268,torbay,ca,47.6666,-52.7314,12.93,98.0,90.0,6.17,1626900024.0
269,formosa,ar,-26.1775,-58.1781,22.99,40.0,0.0,2.57,1626900425.0
270,rio casca,br,-20.2261,-42.6508,20.79,53.0,10.0,1.66,1626900425.0
271,harda,in,22.3333,77.1,25.44,92.0,100.0,4.75,1626900425.0
272,kita,ml,13.0349,-9.4895,24.72,89.0,100.0,2.71,1626900097.0
273,noyabrsk,ru,63.1994,75.4507,18.6,73.0,100.0,7.74,1626900426.0
274,hasaki,jp,35.7333,140.8333,23.16,84.0,4.0,1.24,1626900033.0
275,sambava,mg,-14.2667,50.1667,21.72,85.0,55.0,6.25,1626900039.0
276,yatou,cn,37.15,122.3833,22.77,88.0,64.0,1.11,1626900426.0
277,madimba,tz,-10.4,40.3333,21.94,92.0,1.0,3.5,1626900426.0
278,berlevag,no,70.8578,29.0864,7.0,81.0,75.0,11.83,1626900427.0
279,fairview,ca,40.8126,-73.999,28.39,59.0,75.0,0.0,1626900309.0
280,phek,in,25.6667,94.5,16.1,99.0,97.0,1.25,1626900427.0
281,ostrovnoy,ru,68.0531,39.5131,7.15,86.0,80.0,4.37,1626900034.0
282,portland,au,45.5234,-122.6762,24.73,45.0,75.0,4.63,1626900417.0
283,mulanje,mw,-16.0316,35.5,19.07,62.0,2.0,1.58,1626900428.0
284,ixtapa,mx,20.7,-105.2,32.9,72.0,99.0,1.79,1626900428.0
285,dingle,ie,10.9995,122.6711,25.22,81.0,100.0,5.18,1626899988.0
286,shahrud,ir,36.4182,54.9763,24.91,22.0,0.0,2.36,1626900428.0
287,champerico,gt,14.3,-91.9167,32.75,69.0,35.0,2.86,1626900429.0
288,marquette,us,46.5333,-87.6335,23.67,49.0,96.0,0.45,1626900247.0
289,dakar,sn,14.6937,-17.4441,29.07,79.0,0.0,5.14,1626900429.0
290,mercedes,ar,-34.6515,-59.4307,17.72,51.0,61.0,3.46,1626900081.0
291,shelburne,ca,44.0787,-80.2041,23.09,33.0,0.0,4.96,1626900137.0
292,jiayuguan,cn,39.8167,98.3,22.42,49.0,73.0,1.65,1626900429.0
293,panguna,pg,-6.3164,155.4848,21.5,93.0,99.0,0.94,1626900430.0
294,darlowo,pl,54.421,16.4107,17.75,78.0,4.0,2.17,1626900430.0
295,husavik,is,66.0449,-17.3389,19.95,66.0,5.0,1.96,1626899954.0
296,abatskoye,ru,56.2875,70.4555,19.07,64.0,28.0,5.29,1626900430.0
297,isla vista,us,34.4133,-119.861,37.97,52.0,1.0,4.12,1626900431.0
298,bandarbeyla,so,9.4942,50.8122,24.85,85.0,56.0,11.64,1626900038.0
299,ugoofaaru,mv,5.6667,73.0,28.5,75.0,100.0,7.71,1626900431.0
300,aginskoye,ru,51.1,114.53,18.04,99.0,100.0,3.0,1626900293.0
301,luderitz,na,-26.6481,15.1594,12.38,50.0,0.0,9.68,1626900055.0
302,kangshan,tw,28.8812,116.4311,24.83,79.0,100.0,4.13,1626900432.0
303,ketchikan,us,55.3422,-131.6461,13.26,100.0,90.0,2.57,1626900432.0
304,toora-khem,ru,52.4675,96.11,14.71,76.0,92.0,1.45,1626900432.0
305,kalat,pk,29.0225,66.5916,21.54,26.0,0.0,2.47,1626900433.0
306,waipawa,nz,-41.4122,175.5153,11.13,87.0,100.0,3.25,1626900433.0
307,dalian,cn,38.9122,121.6022,22.96,88.0,0.0,1.0,1626900433.0
308,narsaq,gl,60.9167,-46.05,10.12,97.0,100.0,0.95,1626899968.0
309,lincoln,us,40.8,-96.667,31.88,51.0,20.0,0.89,1626900157.0
310,bradford,us,53.7939,-1.7521,24.38,66.0,20.0,3.09,1626900434.0
311,pedernales,do,18.0384,-71.744,31.64,53.0,100.0,1.73,1626900434.0
312,alofi,nu,-19.0595,-169.9187,24.94,78.0,40.0,6.17,1626900055.0
313,nioaque,br,-21.1353,-55.83,24.3,20.0,3.0,2.2,1626900434.0
314,raudeberg,no,61.9875,5.1352,12.89,82.0,52.0,5.06,1626900345.0
315,oktyabrskiy,ru,54.4815,53.471,17.57,72.0,68.0,0.41,1626900435.0
316,charters towers,au,-20.1,146.2667,9.53,41.0,7.0,2.74,1626900435.0
317,uinskoye,ru,56.8817,56.5813,18.45,71.0,100.0,0.51,1626900436.0
318,wexford,ie,52.3342,-6.4575,21.42,85.0,99.0,2.01,1626900436.0
319,tarko-sale,ru,64.9225,77.785,20.08,64.0,100.0,8.87,1626900436.0
320,sao tome,br,0.3365,6.7273,24.35,77.0,45.0,3.43,1626900436.0
321,rawlins,us,41.7911,-107.2387,31.12,19.0,1.0,4.63,1626900416.0
322,puerto escondido,mx,15.85,-97.0667,31.65,61.0,20.0,2.54,1626900040.0
323,lonevag,no,60.5262,5.4937,13.49,83.0,50.0,1.5,1626900437.0
324,iqaluit,ca,63.7506,-68.5145,5.85,93.0,90.0,2.24,1626899780.0
325,vestmanna,fo,62.1564,-7.1664,11.51,100.0,19.0,6.69,1626900213.0
326,castlegar,ca,49.2998,-117.6689,31.83,21.0,39.0,4.54,1626900437.0
327,cabadiangan,ph,9.7531,122.4739,26.44,87.0,100.0,5.85,1626900438.0
328,wanning,cn,18.8003,110.3967,26.43,88.0,100.0,3.68,1626900106.0
329,mangai,cd,-4.05,19.5333,24.16,34.0,11.0,0.63,1626900248.0
330,rio gallegos,ar,-51.6226,-69.2181,5.03,75.0,75.0,3.09,1626900438.0
331,loudi,cn,27.7344,111.9944,25.4,85.0,80.0,1.08,1626900439.0
332,severo-kurilsk,ru,50.6789,156.125,11.19,93.0,22.0,1.12,1626899997.0
333,bonthe,sl,7.5264,-12.505,25.58,79.0,81.0,3.42,1626900212.0
334,muhos,fi,64.808,25.9931,15.88,68.0,99.0,5.32,1626900439.0
335,matamoros,mx,25.5333,-103.25,26.17,54.0,100.0,3.6,1626900361.0
336,margate,za,51.3813,1.3862,21.05,72.0,0.0,0.45,1626900439.0
337,panacan,ph,9.2463,118.4082,26.48,79.0,100.0,2.37,1626900440.0
338,puerto lleras,co,3.0223,-73.4044,21.48,99.0,100.0,0.71,1626900440.0
339,copiapo,cl,-27.3667,-70.3333,12.83,25.0,42.0,2.27,1626899840.0
340,constitucion,mx,-35.3333,-72.4167,13.56,80.0,100.0,1.37,1626899984.0
341,ahtopol,bg,42.1,27.95,25.26,52.0,0.0,5.35,1626900440.0
342,qostanay,kz,53.1667,63.5833,22.16,56.0,0.0,4.0,1626900441.0
343,harnosand,se,62.6323,17.9379,17.0,60.0,73.0,4.38,1626900441.0
344,madera,mx,37.1666,-119.8343,39.66,13.0,0.0,0.45,1626900441.0
345,saint-francois,gp,46.4154,3.9054,20.69,74.0,0.0,1.03,1626900069.0
346,ponta delgada,pt,37.7333,-25.6667,21.4,73.0,20.0,7.2,1626900048.0
347,matane,ca,48.8286,-67.522,17.86,92.0,100.0,1.84,1626900442.0
348,siguiri,gn,11.6667,-9.5,23.91,90.0,97.0,1.35,1626900442.0
349,mareeba,au,-17.0,145.4333,13.02,80.0,35.0,0.84,1626900443.0
350,zhigansk,ru,66.7697,123.3711,14.22,63.0,47.0,2.37,1626900443.0
351,sorland,no,67.667,12.6934,10.04,92.0,100.0,10.43,1626900046.0
352,ilulissat,gl,69.2167,-51.1,9.01,76.0,40.0,1.54,1626900443.0
353,etchoropo,mx,26.7667,-109.6667,39.12,47.0,72.0,5.38,1626900367.0
354,nizhnevartovsk,ru,60.9344,76.5531,20.01,73.0,0.0,4.0,1626900226.0
355,lata,sb,40.1629,-8.3327,17.18,96.0,2.0,1.45,1626900213.0
356,letlhakeng,bw,-24.0944,25.0298,5.44,17.0,0.0,4.13,1626900444.0
357,sao miguel do araguaia,br,-13.275,-50.1628,29.75,23.0,0.0,2.06,1626900444.0
358,anadyr,ru,64.75,177.4833,13.28,71.0,0.0,3.58,1626900075.0
359,sotouboua,tg,8.5667,0.9833,22.11,90.0,79.0,1.64,1626900445.0
360,tromso,no,69.6496,18.957,9.36,87.0,75.0,9.26,1626900251.0
361,srednekolymsk,ru,67.45,153.6833,15.6,69.0,77.0,2.65,1626900041.0
362,hambantota,lk,6.1241,81.1185,26.88,78.0,100.0,9.07,1626899998.0
363,ranfurly,nz,-45.1333,170.1,4.25,97.0,100.0,1.82,1626900445.0
364,todos santos,mx,23.45,-110.2167,36.84,80.0,100.0,3.31,1626900003.0
365,north battleford,ca,52.7834,-108.2847,29.05,48.0,1.0,5.14,1626900405.0
366,tiznit,ma,29.5833,-9.5,26.57,39.0,25.0,0.8,1626900446.0
367,pacific grove,us,36.6177,-121.9166,33.67,78.0,1.0,1.34,1626899914.0
368,acapulco,mx,16.8634,-99.8901,31.21,67.0,41.0,2.91,1626900057.0
369,kailaras,in,26.3167,77.6167,30.31,72.0,98.0,2.22,1626900446.0
370,bartica,gy,6.4,-58.6167,25.18,95.0,81.0,1.5,1626900446.0
371,xingyi,cn,24.1877,102.817,15.92,96.0,77.0,0.89,1626900447.0
372,peniche,pt,39.3558,-9.3811,18.74,87.0,15.0,6.0,1626900382.0
373,termiz,uz,37.2242,67.2783,29.05,26.0,0.0,2.06,1626900447.0
374,panalingaan,ph,8.7842,117.4231,26.2,87.0,98.0,3.51,1626900448.0
375,valle de allende,mx,26.9333,-105.4,27.95,32.0,59.0,6.32,1626900448.0
376,maragogi,br,-9.0122,-35.2225,23.71,84.0,40.0,5.04,1626900092.0
377,caraz,pe,-9.0486,-77.81,22.07,38.0,73.0,1.11,1626900448.0
378,sioux lookout,ca,50.1001,-91.917,23.04,43.0,90.0,5.14,1626899836.0
379,tonantins,br,-2.8731,-67.8022,30.78,54.0,46.0,1.53,1626900449.0
380,inirida,co,3.8653,-67.9239,26.93,79.0,72.0,1.44,1626900449.0
381,tiksi,ru,71.6872,128.8694,4.04,95.0,100.0,1.85,1626900028.0
382,vadu moldovei,ro,47.3833,26.3667,17.72,80.0,99.0,4.41,1626900449.0
383,santa isabel do rio negro,br,-0.4139,-65.0192,26.15,94.0,75.0,1.19,1626900450.0
384,sawakin,sd,19.1059,37.3321,32.71,53.0,51.0,11.63,1626900450.0
385,igboho,ng,8.8333,3.75,23.74,79.0,98.0,2.81,1626900450.0
386,yuli,tw,9.6989,10.2744,24.01,88.0,30.0,1.96,1626899977.0
387,enshi,cn,30.3,109.4833,22.73,97.0,92.0,0.47,1626900451.0
388,kefalos,gr,36.7453,26.9589,26.12,65.0,0.0,6.69,1626900451.0
389,mapiripan,co,2.8892,-72.1256,22.33,98.0,100.0,2.16,1626900451.0
390,ouadda,cf,8.0777,22.4007,19.77,95.0,76.0,1.36,1626900452.0
391,ascension,mx,30.2169,-90.9001,34.0,66.0,1.0,1.54,1626899999.0
392,lhokseumawe,id,5.1801,97.1507,24.68,87.0,77.0,2.15,1626900452.0
393,sigli,id,5.3848,95.9609,25.86,75.0,82.0,3.95,1626900452.0
394,marevo,ru,57.3146,32.0804,9.92,83.0,5.0,1.5,1626900452.0
395,iisaku,ee,59.1014,27.3081,13.11,73.0,0.0,5.05,1626900453.0
396,novikovo,ru,51.1537,37.8879,16.77,90.0,99.0,5.37,1626900453.0
397,slave lake,ca,55.2834,-114.769,17.99,77.0,90.0,2.06,1626899983.0
398,westport,nz,41.1415,-73.3579,28.92,73.0,1.0,4.02,1626900453.0
399,shimoda,jp,34.6667,138.95,24.78,80.0,0.0,1.05,1626900454.0
400,smithers,ca,54.7804,-127.1743,16.18,63.0,75.0,1.03,1626900454.0
401,nizhniy baskunchak,ru,48.2198,46.8311,31.34,26.0,81.0,3.15,1626900454.0
402,odweyne,so,9.4092,45.064,23.01,52.0,38.0,9.82,1626900455.0
403,saint-pierre,re,-21.3393,55.4781,20.82,73.0,20.0,9.26,1626900455.0
404,mount abu,in,24.6,72.7,21.17,86.0,25.0,5.68,1626900455.0
405,casino,au,-28.8667,153.05,6.86,87.0,1.0,3.6,1626900456.0
406,lebowakgomo,za,-24.2,29.5,12.5,36.0,0.0,2.1,1626900456.0
407,irbeyskoye,ru,55.6428,95.4522,14.11,92.0,36.0,1.38,1626900456.0
408,mandalgovi,mn,45.7625,106.2708,15.7,83.0,100.0,5.98,1626899996.0
409,banda aceh,id,5.5577,95.3222,26.52,76.0,100.0,6.61,1626900172.0
410,khasan,ru,42.4308,130.6434,23.53,91.0,100.0,1.1,1626900457.0
411,mattru,sl,7.6244,-11.8332,23.67,90.0,100.0,1.27,1626900457.0
412,zavyalovo,ru,54.5053,82.4484,13.9,85.0,0.0,1.4,1626900457.0
413,port-gentil,ga,-0.7193,8.7815,23.98,83.0,75.0,5.14,1626900458.0
414,aklavik,ca,68.2191,-135.0107,29.4,47.0,40.0,1.54,1626900045.0
415,pemba,mz,-12.974,40.5178,24.39,88.0,40.0,3.58,1626900458.0
416,muisne,ec,0.6,-80.0333,25.99,79.0,41.0,4.85,1626900458.0
417,changtu,cn,42.7788,124.0955,22.59,92.0,10.0,1.8,1626900459.0
418,puerto cabezas,ni,14.0351,-83.3888,27.77,82.0,100.0,7.01,1626900459.0
419,dunedin,nz,-45.8742,170.5036,8.78,79.0,100.0,4.47,1626900014.0
420,kasamwa,tz,-2.85,32.4333,20.3,42.0,10.0,1.6,1626900459.0
421,kirovsk,ru,48.6375,38.6428,19.85,85.0,68.0,1.59,1626900460.0
422,curup,id,-3.4667,102.5333,18.36,94.0,32.0,0.73,1626900460.0
423,puerto colombia,co,10.9878,-74.9547,32.05,72.0,23.0,12.25,1626900460.0
424,kavaratti,in,10.5669,72.642,27.84,83.0,100.0,9.44,1626900043.0
425,hofn,is,64.2539,-15.2082,14.01,77.0,0.0,2.57,1626900194.0
426,nemuro,jp,43.3236,145.575,15.96,94.0,100.0,2.42,1626900042.0
427,bud,no,39.447,-86.1758,28.6,65.0,66.0,3.35,1626900461.0
428,cheney,us,47.4874,-117.5758,25.97,41.0,75.0,5.66,1626900461.0
429,buraydah,sa,26.326,43.975,35.25,21.0,54.0,1.82,1626900462.0
430,qinhuangdao,cn,39.9317,119.5883,23.83,85.0,100.0,0.25,1626900462.0
431,rostusa,mk,41.61,20.6,15.05,62.0,14.0,2.79,1626900462.0
432,ayan,ru,56.45,138.1667,16.02,93.0,99.0,0.12,1626900096.0
433,korla,cn,41.7597,86.1469,28.04,23.0,78.0,4.06,1626900113.0
434,coihaique,cl,-45.5752,-72.0662,12.97,54.0,75.0,1.54,1626899805.0
435,amapa,br,1.0,-52.0,25.33,91.0,51.0,1.79,1626900066.0
436,ternate,ph,0.8,127.4,27.01,79.0,95.0,2.44,1626900463.0
437,belmonte,br,-15.8631,-38.8828,23.28,73.0,28.0,4.31,1626900463.0
438,tahta,eg,26.7693,31.5021,35.18,25.0,1.0,6.69,1626900463.0
439,ballina,au,-28.8667,153.5667,6.98,70.0,1.0,2.57,1626900464.0
440,matara,lk,5.9485,80.5353,25.9,86.0,100.0,6.76,1626899952.0
441,san patricio,mx,28.017,-97.5169,34.4,40.0,4.0,2.41,1626900033.0
442,acajutla,sv,13.5928,-89.8275,37.19,59.0,29.0,3.51,1626900464.0
443,khani,ru,41.9563,42.9566,22.76,97.0,96.0,0.49,1626900465.0
444,cedar city,us,37.6775,-113.0619,30.66,26.0,1.0,3.6,1626900450.0
445,labytnangi,ru,66.6572,66.4183,12.37,83.0,42.0,0.57,1626900465.0
446,merauke,id,-8.4667,140.3333,23.9,90.0,97.0,4.57,1626900465.0
447,maromitsa,ru,59.8683,48.0123,12.22,94.0,98.0,1.08,1626900466.0
448,broome,au,42.2506,-75.833,22.83,65.0,75.0,0.89,1626899985.0
449,kutum,sd,14.2,24.6667,26.28,46.0,100.0,1.1,1626900206.0
450,carutapera,br,-1.195,-46.02,26.24,82.0,61.0,3.84,1626900466.0
451,tiarei,pf,-17.5333,-149.3333,28.01,78.0,31.0,7.43,1626900466.0
452,marawi,sd,7.9986,124.2928,21.47,91.0,100.0,2.53,1626900467.0
453,vigrestad,no,58.5667,5.7,13.89,76.0,9.0,7.86,1626900467.0
454,moche,pe,-8.1711,-79.0092,20.1,77.0,90.0,4.63,1626900467.0
455,amilly,fr,47.9728,2.7719,20.86,67.0,0.0,3.25,1626900468.0
456,manokwari,id,-0.8667,134.0833,25.87,79.0,100.0,0.87,1626900196.0
457,balkhash,kz,46.844,74.9804,23.37,52.0,61.0,7.02,1626900468.0
458,pithoragarh,in,29.5833,80.2167,17.32,99.0,100.0,0.89,1626900468.0
459,rindal,no,63.0565,9.2124,9.71,90.0,11.0,2.52,1626900469.0
460,char bhadrasan,bd,23.3167,90.2167,27.03,87.0,100.0,3.55,1626900469.0
461,yulin,cn,22.6333,110.15,24.3,97.0,100.0,2.1,1626900460.0
462,iralaya,hn,15.0,-83.2333,31.05,77.0,100.0,6.94,1626900469.0
463,ambilobe,mg,-13.2,49.05,19.71,72.0,0.0,1.83,1626900470.0
464,conceicao do araguaia,br,-8.2578,-49.2647,34.07,36.0,0.0,3.09,1626900201.0
465,katherine,au,-14.4667,132.2667,11.18,66.0,43.0,2.06,1626900044.0
466,nantucket,us,41.2835,-70.0995,28.19,82.0,40.0,4.12,1626900470.0
467,fort nelson,ca,58.8053,-122.7002,15.77,88.0,75.0,2.57,1626899990.0
468,barbate,es,36.1924,-5.9219,27.54,55.0,0.0,1.78,1626900471.0
469,ustka,pl,54.5805,16.8619,15.81,82.0,8.0,2.59,1626900313.0
470,terney,ru,45.0503,136.6092,21.44,97.0,100.0,1.05,1626900471.0
471,neuenhagen,de,52.5299,13.6891,19.97,80.0,51.0,1.67,1626900471.0
472,abiramam,in,9.4667,78.45,28.51,56.0,100.0,7.12,1626900471.0
473,jacqueville,ci,5.2052,-4.4146,25.95,82.0,63.0,3.75,1626900472.0
474,tres arroyos,ar,-38.3739,-60.2798,11.6,57.0,100.0,3.72,1626900190.0
475,marsabit,ke,2.3284,37.9899,21.07,45.0,55.0,8.41,1626900472.0
476,san vicente,ph,-26.6167,-54.1333,14.74,62.0,0.0,0.88,1626900473.0
477,gizo,sb,-8.103,156.8419,27.29,77.0,21.0,3.03,1626899985.0
478,ginda,er,30.6945,78.4932,18.39,91.0,56.0,0.86,1626900473.0
479,haukipudas,fi,65.1765,25.3523,16.03,78.0,100.0,10.06,1626900473.0
480,nogliki,ru,51.8333,143.1667,17.47,83.0,32.0,4.31,1626900474.0
481,pangai,to,-19.8,-174.35,26.06,61.0,20.0,6.17,1626900076.0
482,galesong,id,-5.3166,119.3661,24.01,83.0,100.0,1.21,1626899989.0
483,jutai,br,-5.1833,-68.9,31.31,45.0,4.0,1.21,1626900474.0
484,sokoni,tz,-6.4333,39.55,24.92,80.0,7.0,5.48,1626900114.0
485,bafata,gw,12.1667,-14.75,25.28,91.0,100.0,2.84,1626900475.0
486,troy,us,42.6056,-83.1499,25.97,50.0,40.0,0.45,1626900475.0
487,havre-saint-pierre,ca,50.2334,-63.5986,17.2,67.0,90.0,2.06,1626900318.0
488,lokosovo,ru,61.1333,74.8167,18.21,77.0,86.0,4.82,1626900475.0
489,vostok,ru,46.4856,135.8833,20.72,93.0,9.0,1.51,1626900476.0
490,moranbah,au,-22.0016,148.0466,6.02,47.0,0.0,4.58,1626900476.0
491,tsuruoka,jp,38.7217,139.8217,24.34,86.0,12.0,1.41,1626900476.0
492,warrington,us,53.3925,-2.5802,25.07,73.0,45.0,2.57,1626900477.0
493,millinocket,us,45.6573,-68.7098,19.08,96.0,90.0,2.57,1626900477.0
494,dukat,ru,62.55,155.55,18.16,59.0,100.0,1.79,1626900017.0
495,saint-joseph,re,-21.3667,55.6167,20.21,77.0,59.0,6.87,1626900243.0
496,opuwo,na,-18.0607,13.84,15.85,24.0,0.0,3.2,1626900108.0
497,patti,it,31.2808,74.8572,27.97,78.0,86.0,2.24,1626900478.0
498,rovaniemi,fi,66.5,25.7167,10.67,81.0,0.0,2.57,1626900478.0
499,omsukchan,ru,62.5333,155.8,19.06,59.0,100.0,1.8,1626900101.0
500,pontian kecil,my,1.4801,103.3899,28.07,86.0,74.0,3.54,1626900478.0
501,caribou,us,46.8606,-68.012,15.66,87.0,90.0,3.6,1626900479.0
502,diamantino,br,-14.4086,-56.4461,30.36,21.0,0.0,2.43,1626900049.0
503,vestmannaeyjar,is,63.4427,-20.2734,12.55,94.0,90.0,2.06,1626899981.0
504,olafsvik,is,64.8945,-23.7142,11.75,93.0,98.0,5.52,1626900053.0
505,kearney,us,40.6995,-99.0815,28.52,54.0,20.0,9.26,1626900229.0
506,hutchinson,us,38.0608,-97.9298,31.79,40.0,40.0,0.45,1626900192.0
507,mandera,ke,3.9366,41.867,27.83,51.0,92.0,8.76,1626900479.0
508,cochrane,ca,51.1834,-114.4687,27.15,73.0,90.0,8.23,1626900480.0
509,springbok,za,-29.6643,17.8865,4.3,81.0,38.0,1.04,1626900480.0
510,ishigaki,jp,24.3448,124.1572,28.16,90.0,100.0,20.05,1626900480.0
511,ponta do sol,cv,32.6667,-17.1,23.17,81.0,0.0,1.32,1626899979.0
512,flinders,au,-34.5833,150.8552,6.78,80.0,2.0,0.45,1626899959.0
513,rincon,an,32.296,-81.2354,32.14,68.0,75.0,3.6,1626900453.0
514,nova granada,br,-20.5339,-49.3142,28.14,18.0,92.0,0.26,1626900481.0
515,atherton,au,53.5237,-2.4935,24.75,73.0,33.0,0.89,1626900481.0
516,rawson,ar,-43.3002,-65.1023,13.62,57.0,100.0,8.76,1626900013.0
517,baltoji voke,lt,54.6,25.2,16.25,63.0,0.0,2.57,1626900482.0
518,makokou,ga,0.5738,12.8642,25.16,67.0,100.0,1.19,1626900482.0
519,cururupu,br,-1.8283,-44.8683,25.3,84.0,68.0,1.59,1626900482.0
520,ussuriysk,ru,43.7986,131.9508,22.9,95.0,69.0,2.15,1626900483.0
521,nkhotakota,mw,-12.9274,34.2961,19.88,73.0,15.0,1.86,1626900483.0
522,rapina,ee,58.0981,27.4636,12.97,64.0,1.0,3.68,1626900483.0
523,kigoma,tz,-4.8769,29.6267,23.44,55.0,0.0,1.71,1626900484.0
524,abu kamal,sy,34.4506,40.9171,33.47,21.0,0.0,6.89,1626900484.0
525,maryborough,au,-25.5333,152.7,5.76,76.0,20.0,1.27,1626900484.0
526,wenatchee,us,47.4235,-120.3103,28.47,27.0,1.0,2.24,1626900485.0
527,cheremukhovo,ru,60.3484,59.9851,15.62,70.0,100.0,1.56,1626900485.0
528,abashiri,jp,44.0213,144.2697,18.86,92.0,100.0,1.41,1626900485.0
529,sirnak,tr,37.5228,42.4594,22.54,30.0,0.0,0.76,1626900486.0
530,pilot butte,ca,50.4668,-104.4178,26.79,59.0,40.0,1.54,1626900486.0
531,college,us,64.8569,-147.8028,21.99,53.0,75.0,2.06,1626900068.0
532,nizwa,om,22.9333,57.5333,31.54,54.0,45.0,1.47,1626900486.0
533,petropavlovsk-kamchatskiy,ru,53.0452,158.6483,14.33,100.0,20.0,1.0,1626900487.0
534,panjab,af,34.388,67.0233,10.48,45.0,3.0,2.33,1626900487.0
535,flin flon,ca,54.7682,-101.865,21.91,78.0,90.0,0.0,1626900033.0
536,onguday,ru,50.75,86.15,13.43,87.0,6.0,0.77,1626900487.0
537,evensk,ru,61.95,159.2333,10.27,89.0,98.0,4.58,1626900057.0
538,weyburn,ca,49.6668,-103.8511,26.12,57.0,42.0,2.57,1626900488.0
539,byron bay,au,-28.65,153.6167,10.97,67.0,0.0,4.57,1626899947.0
540,russell,nz,32.3502,-85.1999,30.6,66.0,40.0,2.06,1626900488.0
541,tevriz,ru,57.509,72.4042,16.07,82.0,12.0,2.5,1626900488.0
542,oranjemund,na,-28.55,16.4333,11.34,66.0,0.0,4.87,1626899996.0
543,nahavand,ir,34.1885,48.377,25.38,17.0,4.0,1.77,1626900489.0
544,beyneu,kz,45.3167,55.2,35.09,21.0,82.0,5.18,1626900489.0
545,cobija,bo,-11.0267,-68.7692,29.1,48.0,0.0,3.09,1626900490.0
546,northam,au,51.0333,-4.2167,22.89,76.0,36.0,1.25,1626900490.0
547,elizabeth city,us,36.2946,-76.2511,34.03,62.0,20.0,2.24,1626899994.0
548,cao bang,vn,22.6667,106.25,24.04,96.0,100.0,0.99,1626900490.0
549,ancud,cl,-41.8697,-73.8203,11.74,84.0,100.0,5.65,1626900009.0
